target_currency,国家号,time,emp,汇率,利率,外汇,新闻因子，分析，建议,分析,建议
2,1,2025-01-01 00:00:00,0.307276335,8.2799,3.7,31929.16211,4.778776646
2,2,2025-01-01 00:00:00,0.190353408,1,1.25,44537.02734,5.326769829
2,3,2025-01-01 00:00:00,0.380811548,0.6092,0,55078.14663,5.495010376
2,5,2025-01-01 00:00:00,0.130105663,0.6092,1.1375,22516.5722,5.728466511
2,6,2025-01-01 00:00:00,0.203411873,1.3282,3.85,33045.5158,4.908063889
2,7,2025-01-01 00:00:00,0.248952,7.7519,1.6429,270148.4863,4.557882786
2,8,2025-01-01 00:00:00,0.125974266,1.1302,-0.5227,86591.40713,4.955060482
2,1,2025-01-02 00:00:00,0.681095615,8.2798,2.24887228,31930.16211,6.950964928
2,2,2025-01-02 00:00:00,0.428072469,1,0.386029601,44538.02734,7.165065289
2,3,2025-01-02 00:00:00,0.402419305,0.607,-0.102084907,55079.14663,7.320841312
2,4,2025-01-02 00:00:00,0.251319943,103.77,-0.046200793,1009827.748,7.675465584
2,5,2025-01-02 00:00:00,0.390520326,0.607,1.168409649,22517.5722,7.403305531
2,6,2025-01-02 00:00:00,0.454360675,1.3167,3.846816919,33046.5158,6.98024416
2,7,2025-01-02 00:00:00,0.271796227,7.7519,1.467406051,270149.4863,6.790495872
2,8,2025-01-02 00:00:00,0.460173548,1.1192,-0.458726433,86592.40713,7.005832195
2,3,2025-01-03 00:00:00,0.193796466,0.6104,0.250845701,55080.14663,0.110225245
2,5,2025-01-03 00:00:00,0.116427436,0.6104,1.107818262,22518.5722,0.128294706
2,6,2025-01-03 00:00:00,0.147720296,1.3355,3.922762266,33047.5158,0.040432986
2,8,2025-01-03 00:00:00,0.111270907,1.1141,-0.63998604,86593.40713,0.045628004
2,3,2025-01-04 00:00:00,0.159341181,0.6107,0.379895513,55081.14663,-0.002078825
2,3,2025-01-08 00:00:00,0.104994982,0.6115,-0.429090277,55085.14663,0.1184671,"①检测到利率偏离泰勒规则异常（当前值=-42.91bp）
②可能反映欧元区超宽松货币政策导致跨境资本流出压力
③隐含风险：主权信用利差走阔与Carry Trade平仓风险

①外汇储备/M2仅0.28%（要求≥10%）
②显示欧元区外部流动性缓冲严重不足
③隐含风险：汇率超调引发Mundell不可能三角危机","1. 买入欧元看跌期权对冲Delta敞口，Gamma调整频率提升至日内两次
2. 依据Basel III流动性覆盖率要求追加抵押品
3. 启动应急掉期协议，缩短同业拆借头寸轧差周期至T+0"
2,5,2025-01-31 00:00:00,0.107629101,0.6231,3.052389644,22546.5722,0.586370826
2,4,2025-05-31 00:00:00,0.104125697,108.99,10.01309273,1002585.185,0.71819824
2,7,2025-05-31 00:00:00,0.115774163,7.7882,-0.7393644,270770.0087,0.319304466
2,8,2025-05-31 00:00:00,0.100423225,1.1936,15.35819317,86487.72074,0.425327539
2,1,2025-11-30 00:00:00,0.137653286,8.2774,0.104932159,32799.95703,0.40593645
2,3,2025-11-30 00:00:00,0.101683437,0.6974,-0.40145121,55148.2144,0.571980059
2,6,2025-11-30 00:00:00,0.105754163,1.1174,12.66139789,32674.55587,0.432981789
2,4,2025-12-26 00:00:00,0.10654543,120.39,24.05424446,1014733.431,0.701555371
2,4,2025-12-28 00:00:00,0.130956842,120.75,24.18421424,1014735.431,0.729242444
2,7,2025-12-28 00:00:00,0.108918603,0.7283,-0.48052482,269040.3285,0.320773274
2,4,2025-12-29 00:00:00,0.114540591,120.1,24.2680574,1014736.431,0.732531369
2,7,2025-12-29 00:00:00,0.137716692,0.7256,-0.77799925,269041.3285,0.340731353
